"Diastolic80","Sex","EstimatedCount","WithinGroupPercent"
"HealthDiastolic","Female",109615177.576457,0.754723095375859
"HighDiastolic","Female",35623756.077571,0.245276904624141
"HealthDiastolic","Male",99916896.262661,0.706928755312222
"HighDiastolic","Male",41422518.086854,0.293071244687778
